timestamp,qber,skr,loss,source,feat_hour,feat_day_of_week,feat_day_of_year,feat_is_night,feat_time_segment,feat_qber_lag_1,feat_qber_lag_2,feat_qber_lag_3,feat_qber_lag_6,feat_qber_lag_12,feat_qber_lag_24,feat_qber_lag_48,feat_skr_lag_1,feat_skr_lag_2,feat_skr_lag_3,feat_skr_lag_6,feat_skr_lag_12,feat_skr_lag_24,feat_skr_lag_48,feat_loss_lag_1,feat_loss_lag_2,feat_loss_lag_3,feat_loss_lag_6,feat_loss_lag_12,feat_loss_lag_24,feat_loss_lag_48,feat_qber_delta,feat_qber_pct,feat_skr_delta,feat_skr_pct,feat_loss_delta,feat_loss_pct,feat_qber_roll5_mean,feat_qber_roll5_std,feat_qber_roll5_min,feat_qber_roll5_max,feat_qber_roll5_median,feat_qber_roll5_z,feat_skr_roll5_mean,feat_skr_roll5_std,feat_skr_roll5_min,feat_skr_roll5_max,feat_skr_roll5_median,feat_skr_roll5_z,feat_loss_roll5_mean,feat_loss_roll5_std,feat_loss_roll5_min,feat_loss_roll5_max,feat_loss_roll5_median,feat_loss_roll5_z,feat_qber_roll10_mean,feat_qber_roll10_std,feat_qber_roll10_min,feat_qber_roll10_max,feat_qber_roll10_median,feat_qber_roll10_z,feat_skr_roll10_mean,feat_skr_roll10_std,feat_skr_roll10_min,feat_skr_roll10_max,feat_skr_roll10_median,feat_skr_roll10_z,feat_loss_roll10_mean,feat_loss_roll10_std,feat_loss_roll10_min,feat_loss_roll10_max,feat_loss_roll10_median,feat_loss_roll10_z,feat_qber_roll20_mean,feat_qber_roll20_std,feat_qber_roll20_min,feat_qber_roll20_max,feat_qber_roll20_median,feat_qber_roll20_z,feat_skr_roll20_mean,feat_skr_roll20_std,feat_skr_roll20_min,feat_skr_roll20_max,feat_skr_roll20_median,feat_skr_roll20_z,feat_loss_roll20_mean,feat_loss_roll20_std,feat_loss_roll20_min,feat_loss_roll20_max,feat_loss_roll20_median,feat_loss_roll20_z,feat_qber_skr_ratio,feat_loss_skr_ratio,feat_qber_loss_product,feat_skr_inv,feat_loss_gradient,feat_qber_z_global,feat_skr_z_global,feat_loss_z_global,anomaly_score_autoencoder
2025-09-08 19:15:09.168,0.0157,3354.5008,14.3,QTI,19,0,251,0,3,0.0157,0.0151,0.0155,0.0153,0.0155,0.0151,0.0284,2329.8607,3827.776,2300.1318,3549.4286,3503.6553,3432.7488,534181.0,14.3,14.3,14.3,12.7,12.7,12.7,,0.0,0.0,1024.6400999999996,0.4397859923556801,0.0,0.0,0.0156,0.0003316624790494,0.0151,0.016,0.0157,0.3015113445651255,2893.7942,672.9118576722634,2300.1318,3827.776,2656.7017,0.6846462798169083,14.26,0.0894427191000029,14.1,14.3,14.3,0.4472135954999117,0.0154699999999999,0.0003164033993406,0.015,0.016,0.0155,0.726920129427373,3257.50498,594.1639342741373,2300.1318,3827.776,3532.93915,0.1632475726055216,13.48,0.8243515970479802,12.7,14.3,13.4,0.994721188066399,0.01543,0.000279284800856,0.015,0.016,0.0155,0.96675508002021,3453.34592,460.8537984192032,2300.1318,3830.5218,3608.51095,-0.2144825980366297,13.09,0.6942621983083916,12.7,14.3,12.7,1.7428573857949243,4.680279104419948e-06,0.0042629293753633,0.22451,0.0002981069493261,0.0,-4.980145390985525,-11.470307665535833,0.8065349256117611,1.5021491969912202
2025-09-08 19:25:21.770,0.0161,4217.9309,14.3,QTI,19,0,251,0,3,0.0157,0.0157,0.0151,0.0152,0.0153,0.0156,0.0284,3354.5008,2329.8607,3827.776,3516.4497,3625.1249,3542.4932,534181.0,14.3,14.3,14.3,12.7,12.7,12.7,,0.0004,0.0254777070063694,863.4301000000005,0.2573945130673394,0.0,0.0,0.01562,0.0003633180425043,0.0151,0.0161,0.0157,1.3211565181056333,3206.04004,869.0338452159863,2300.1318,4217.9309,3354.5008,1.164386019682017,14.3,0.0,14.3,14.3,14.3,,0.01558,0.0003259175083137,0.0151,0.0161,0.0156,1.595495751947878,3319.5112500000005,662.1010394699139,2300.1318,4217.9309,3532.93915,1.3569222768767824,13.64,0.8113089560840693,12.7,14.3,14.2,0.8135002024205558,0.0154799999999999,0.0003053901731948,0.015,0.0161,0.0155,2.0301897520600325,3483.2847800000004,490.6767352507648,2300.1318,4217.9309,3611.49655,1.497210010628591,13.169999999999998,0.737777601634588,12.7,14.3,12.7,1.5316268716974106,3.817037400968327e-06,0.0033902878778787,0.23023,0.0002370830683831,0.0,-4.8214072992039,-11.451536204162796,0.8065349256117611,1.121660826049511
2025-09-08 19:36:43.918,0.0154,3805.8969,14.3,QTI,19,0,251,0,3,0.0161,0.0157,0.0157,0.016,0.0152,0.0155,0.0284,4217.9309,3354.5008,2329.8607,2656.7017,3637.3826,3559.8478,534181.0,14.3,14.3,14.3,14.1,12.7,12.7,,-0.0006999999999999,-0.0434782608695651,-412.0340000000001,-0.0976862849981728,0.0,0.0,0.0156,0.0003741657386896,0.0151,0.0161,0.0157,-0.5345224838072924,3507.19306,725.7017470064609,2329.8607,4217.9309,3805.8969,0.4116068911672894,14.3,0.0,14.3,14.3,14.3,,0.01555,0.000327448045078,0.0151,0.0161,0.0155,-0.4580879386964814,3333.6964,671.7518650188124,2300.1318,4217.9309,3532.93915,0.7029388745899149,13.8,0.7615773105863906,12.7,14.3,14.3,0.656532164298613,0.0154649999999999,0.000301356581914,0.015,0.0161,0.0155,-0.215691323505057,3484.444975,491.4487652542997,2300.1318,4217.9309,3611.49655,0.654090411303944,13.25,0.7701674459082537,12.7,14.3,12.7,1.363339888719579,4.04635238542589e-06,0.0037573272150383,0.22022,0.0002627501548977,0.0,-5.099198959821743,-11.460494057630468,0.8065349256117611,0.8884688120173513
2025-09-08 19:49:26.892,0.015,3321.4188,14.3,QTI,19,0,251,0,3,0.0154,0.0161,0.0157,0.0155,0.015,0.015,0.0284,3805.8969,4217.9309,3354.5008,2300.1318,3597.8682,3927.0154,534181.0,14.3,14.3,14.3,14.3,12.7,12.7,,-0.0004,-0.025974025974026,-484.47810000000027,-0.1272966958195847,0.0,0.0,0.01558,0.0004086563348453,0.015,0.0161,0.0157,-1.4192854742347814,3405.92162,704.8104769892856,2329.8607,4217.9309,3354.5008,-0.119894386872578,14.3,0.0,14.3,14.3,14.3,,0.0155,0.0003711842908596,0.015,0.0161,0.01545,-1.3470397651850188,3288.00959,653.4415126514524,2300.1318,4217.9309,3435.47525,0.0511280801007516,13.960000000000004,0.6669999167083068,12.7,14.3,14.3,0.5097451910907618,0.01543,0.0003130495168327,0.015,0.0161,0.01545,-1.3735846148256123,3472.436455,492.3978974985297,2300.1318,4217.9309,3611.49655,-0.3066984155846259,13.330000000000002,0.7927965160048791,12.7,14.3,12.7,1.2235169812401512,4.5161423184574014e-06,0.0043053890102627,0.2145,0.0003010761545638,0.0,-5.257937051603369,-11.471026887028277,0.8065349256117611,0.8187450416385678
2025-09-08 20:03:44.887,0.015,3012.9022,14.3,QTI,20,0,251,0,3,0.015,0.0154,0.0161,0.0151,0.0157,0.015,0.0267,3321.4188,3805.8969,4217.9309,3827.776,3664.0454,2884.0842,579055.0,14.3,14.3,14.3,14.3,12.7,12.7,,0.0,0.0,-308.5165999999999,-0.0928869915471063,0.0,0.0,0.01544,0.0004722287581345,0.015,0.0161,0.0154,-0.9317518097332907,3542.52992,471.7730536749115,3012.9022,4217.9309,3354.5008,-1.1226324095334084,14.3,0.0,14.3,14.3,14.3,,0.01547,0.0004001388647886,0.015,0.0161,0.01545,-1.1745922262468846,3234.3569500000003,651.6159753147746,2300.1318,4217.9309,3337.9598,-0.3398546972287208,14.12,0.5028805910838952,12.7,14.3,14.3,0.3579378548136698,0.015405,0.0003268268493604,0.015,0.0161,0.0153499999999999,-1.2391882759711188,3440.30267,500.7172455389534,2300.1318,4217.9309,3583.4779,-0.8535764921377166,13.41,0.8064868583130042,12.7,14.3,12.7,1.1035517700334112,4.978588418834173e-06,0.0047462542926219,0.2145,0.0003319058945889,0.0,-5.257937051603369,-11.47773421335364,0.8065349256117611,0.8466304124710842
2025-09-08 20:14:57.967,0.0151,3891.8308,14.3,QTI,20,0,251,0,3,0.015,0.015,0.0154,0.0157,0.0155,0.0151,0.0267,3012.9022,3321.4188,3805.8969,2329.8607,3778.2869,3619.1537,579055.0,14.3,14.3,14.3,14.3,12.7,12.7,,0.0001,0.0066666666666668,878.9286000000002,0.2917215832628088,0.0,0.0,0.01532,0.0004658325879642,0.015,0.0161,0.0151,-0.4722726698049508,3649.99592,479.3721690175376,3012.9022,4217.9309,3805.8969,0.5044825203257741,14.3,0.0,14.3,14.3,14.3,,0.0154599999999999,0.0004087922591174,0.015,0.0161,0.01545,-0.880642898613601,3271.89506,679.8721170901546,2300.1318,4217.9309,3337.9598,0.9118416896596948,14.279999999999998,0.0632455532033541,14.1,14.3,14.3,0.3162277660169547,0.015395,0.0003332061160582,0.015,0.0161,0.0153499999999999,-0.8853378908219534,3443.36812,503.4123653789629,2300.1318,4217.9309,3583.4779,0.890845578777952,13.49,0.8116908926821581,12.7,14.3,13.4,0.9979168268396232,3.879922015109188e-06,0.0036743632328517,0.21593,0.0002569484778218,0.0,-5.218252528657962,-11.45862580577721,0.8065349256117611,0.7510319803877683
2025-09-08 20:26:39.403,0.0157,3734.9943,14.3,QTI,20,0,251,0,3,0.0151,0.015,0.015,0.0157,0.0153,0.0157,0.0267,3891.8308,3012.9022,3321.4188,3354.5008,3549.4286,3782.693,579055.0,14.3,14.3,14.3,14.3,12.7,12.7,,0.0005999999999999,0.0397350993377483,-156.83650000000034,-0.0402988999418989,0.0,0.0,0.01524,0.0003049590136551,0.015,0.0157,0.0151,1.508399422226088,3553.4086,373.2357622491328,3012.9022,3891.8308,3734.9943,0.4865174197289063,14.3,0.0,14.3,14.3,14.3,,0.01543,0.0003743141877011,0.015,0.0161,0.01545,0.721319172159131,3379.72432,656.5703316079627,2300.1318,4217.9309,3544.74755,0.5410996551274743,14.3,0.0,14.3,14.3,14.3,,0.01543,0.0003262223974848,0.015,0.0161,0.01545,0.8276562310916393,3451.6634550000003,506.9475407444217,2300.1318,4217.9309,3611.49655,0.5588957874890671,13.57,0.8085724912982207,12.7,14.3,14.2,0.9028256685160476,4.203487003982844e-06,0.0038286537679588,0.22451,0.0002677380257313,0.0,-4.980145390985525,-11.462035520474013,0.8065349256117611,0.734573241540614
2025-09-08 20:29:52.206,0.0153,1072.7657,14.3,QTI,20,0,251,0,3,0.0157,0.0151,0.015,0.0161,0.0152,0.0157,0.0267,3734.9943,3891.8308,3012.9022,4217.9309,3516.4497,3561.5892,579055.0,14.3,14.3,14.3,14.3,12.7,12.7,,-0.0003999999999999,-0.0254777070063694,-2662.2286,-0.7127798294096459,0.0,0.0,0.01522,0.0002949576240911,0.015,0.0157,0.0151,0.2712254014334785,3006.78236,1135.0173304068062,1072.7657,3891.8308,3321.4188,-1.703953418320777,14.3,0.0,14.3,14.3,14.3,,0.0154099999999999,0.0003754996671147,0.015,0.0161,0.0153499999999999,-0.2929430027068365,3256.98771,936.0470497410834,1072.7657,4217.9309,3544.74755,-2.333453228236946,14.3,0.0,14.3,14.3,14.3,,0.0154149999999999,0.000324888644874,0.015,0.0161,0.0153499999999999,-0.3539674341175109,3319.94761,730.1713816438107,1072.7657,4217.9309,3573.6484,-3.0776088552539456,13.65,0.7970339753703962,12.7,14.3,14.3,0.8155235787758401,1.4262200963360406e-05,0.0133300309657551,0.21879,0.0009321699976052,0.0,-5.138883482767151,-11.51991388414363,0.8065349256117611,2.3523665694462452
2025-09-08 20:51:06.017,0.0153,2330.9238,13.2,QTI,20,0,251,0,3,0.0153,0.0157,0.0151,0.0154,0.016,0.0155,0.0274,1072.7657,3734.9943,3891.8308,3805.8969,2656.7017,3655.5779,562938.0,14.3,14.3,14.3,14.3,14.1,12.7,,0.0,0.0,1258.1581,1.1728172330640327,-1.1000000000000014,-0.0769230769230769,0.01528,0.0002683281573176,0.015,0.0157,0.0153,0.0745355992450733,2808.68336,1152.67406451719,1072.7657,3891.8308,3012.9022,-0.4144793178808223,14.080000000000002,0.4919349550499562,13.2,14.3,14.3,-1.7888543819998275,0.01543,0.000362246079655,0.015,0.0161,0.0153499999999999,-0.358872068743391,3107.30249,954.136908212849,1072.7657,4217.9309,3337.9598,-0.813697367031111,14.19,0.3478505426185198,13.2,14.3,14.3,-2.8460498941515637,0.0154049999999999,0.0003252124811318,0.015,0.0161,0.0153,-0.3228658372353271,3261.311035,761.0764297905168,1072.7657,4217.9309,3573.6484,-1.2224622897020807,13.675,0.7731514456396866,12.7,14.3,14.3,-0.6143686371911237,6.563921137190327e-06,0.0056629907850269,0.2019599999999999,0.0004290144534111,-1.1000000000000014,-5.138883482767151,-11.49256081158417,-0.9384526463639964,1.2440418698350566
2025-09-08 21:00:14.175,0.0151,3727.2671,13.2,QTI,21,0,251,0,3,0.0153,0.0153,0.0157,0.015,0.0155,0.0153,0.0274,2330.9238,1072.7657,3734.9943,3321.4188,2300.1318,3830.5218,562938.0,13.2,14.3,14.3,14.3,14.3,12.7,,-0.0001999999999999,-0.0130718954248365,1396.3433,0.5990514576237971,0.0,0.0,0.0153,0.0002449489742975,0.0151,0.0157,0.0153,-0.8164965808634758,2951.55634,1226.2399140004554,1072.7657,3891.8308,3727.2671,0.6325929788644213,13.86,0.6024948132556849,13.2,14.3,14.3,-1.0954451150103286,0.01537,0.000362246079655,0.015,0.0161,0.0153,-0.7453496812362291,3247.04313,929.639181656544,1072.7657,4217.9309,3540.88395,0.516570277453537,14.080000000000002,0.4638007234913613,13.2,14.3,14.3,-1.8973665961010369,0.0153949999999999,0.0003316228041008,0.015,0.0161,0.0153,-0.8895648801953797,3266.418145,763.9834037314733,1072.7657,4217.9309,3573.6484,0.603218542116368,13.7,0.7476278274790559,12.7,14.3,14.3,-0.6687819549012266,4.0512256285577175e-06,0.0035414687613882,0.19932,0.0002682930879839,0.0,-5.218252528657962,-11.462203514196167,-0.9384526463639964,0.9333060345094306
2025-09-08 21:11:56.713,0.0149,3655.1365,13.2,QTI,21,0,251,0,3,0.0151,0.0153,0.0153,0.015,0.0151,0.015,0.0274,3727.2671,2330.9238,1072.7657,3012.9022,3827.776,3569.0876,562938.0,13.2,13.2,14.3,14.3,14.3,12.7,,-0.0002,-0.0132450331125828,-72.13059999999996,-0.0193521414121354,0.0,0.0,0.01526,0.0002966479394998,0.0149,0.0157,0.0153,-1.2135597523685029,2904.2174800000003,1184.73219018465,1072.7657,3734.9943,3655.1365,0.6338301822312797,13.64,0.6024948132556849,13.2,14.3,13.2,-0.730296743340221,0.01529,0.0003695342413888,0.0149,0.0161,0.0152,-1.0553825770900778,3277.1067000000003,938.3209553960908,1072.7657,4217.9309,3691.2018,0.4028789912726858,13.970000000000002,0.5313504806936122,13.2,14.3,14.3,-1.449137674618951,0.01538,0.0003473205708513,0.0149,0.0161,0.0153,-1.38200855429729,3267.30584,764.4472979307158,1072.7657,4217.9309,3573.6484,0.5073347254281882,13.725,0.7202886848158068,12.7,14.3,14.3,-0.7288744236406464,4.076455147434303e-06,0.0036113562379954,0.19668,0.0002735875937875,0.0,-5.297621574548775,-11.46377167445803,-0.9384526463639964,0.9975559510651174
2025-09-08 21:24:08.078,0.0159,3627.8834,13.2,QTI,21,0,251,0,3,0.0149,0.0151,0.0153,0.0151,0.0157,0.0156,0.0274,3655.1365,3727.2671,2330.9238,3891.8308,2329.8607,3707.0826,562938.0,13.2,13.2,13.2,14.3,14.3,12.7,,0.001,0.0671140939597316,-27.253099999999904,-0.0074561100522511,0.0,0.0,0.0153,0.00037416573869,0.0149,0.0159,0.0153,1.60356745142044,2882.7953,1166.7871635370716,1072.7657,3727.2671,3627.8834,0.6385809882766393,13.419999999999998,0.4919349550499568,13.2,14.3,13.2,-0.4472135954999528,0.01527,0.0003233505150124,0.0149,0.0159,0.0152,1.948350074456066,3218.10195,889.8872869177666,1072.7657,3891.8308,3641.50995,0.4604869133700388,13.86,0.5680375574437542,13.2,14.3,14.3,-1.161895003862226,0.015425,0.000353739422367,0.0149,0.0161,0.0153499999999999,1.3427963352842325,3268.8066,765.1595434690506,1072.7657,4217.9309,3588.656,0.469283567152586,13.75,0.6909185343096768,12.7,14.3,14.3,-0.7960417512167723,4.382720789758568e-06,0.0036384851839505,0.20988,0.0002756428169659,0.0,-4.900776345094712,-11.464364172349804,-0.9384526463639964,0.9582671346941843
2025-09-08 21:39:50.686,0.015,2784.6516,14.4,QTI,21,0,251,0,3,0.0159,0.0149,0.0151,0.0157,0.0157,0.0155,0.0278,3627.8834,3655.1365,3727.2671,3734.9943,3354.5008,3503.6553,538300.0,13.2,13.2,13.2,14.3,14.3,12.7,,-0.0009,-0.0566037735849057,-843.2318,-0.2324307887072666,1.200000000000001,0.090909090909091,0.01524,0.0003974921382989,0.0149,0.0159,0.0151,-0.6037855264938234,3225.17248,631.047443942324,2330.9238,3727.2671,3627.8834,-0.6980788595671144,13.44,0.5366563145999518,13.2,14.4,13.2,1.7888543819998226,0.0152299999999999,0.0003301514803893,0.0149,0.0159,0.0151,-0.6966499127271429,3115.97742,873.3827312474266,1072.7657,3891.8308,3474.6511,-0.3793592524170671,13.87,0.5774464862170728,13.2,14.4,14.3,0.9178339684290058,0.0153899999999999,0.000359678218748,0.0149,0.0161,0.0153,-1.0843025228424,3224.8369100000004,766.5177271437317,1072.7657,4217.9309,3532.93915,-0.5742663142837661,13.835,0.6587667904581458,12.7,14.4,14.3,0.8576631490592695,5.386670275017528e-06,0.0051712034640168,0.216,0.0003591113516678,1.200000000000001,-5.257937051603369,-11.482696511194858,0.9651701594277384,1.367712131185514
2025-09-08 21:52:46.393,0.0148,3339.7346,14.4,QTI,21,0,251,0,3,0.015,0.0159,0.0149,0.0153,0.0161,0.0153,0.0278,2784.6516,3627.8834,3655.1365,1072.7657,4217.9309,3625.1249,538300.0,14.4,13.2,13.2,14.3,14.3,12.7,,-0.0001999999999999,-0.0133333333333333,555.0829999999996,0.1993366064178368,0.0,0.0,0.01514,0.0004393176527406,0.0148,0.0159,0.015,-0.7739274711109919,3426.9346400000004,388.1969337976507,2784.6516,3727.2671,3627.8834,-0.2246283584647116,13.679999999999998,0.6572670690061998,13.2,14.4,13.2,1.095445115010335,0.0152099999999999,0.0003510302297887,0.0148,0.0159,0.0151,-1.167990575189952,3117.809,873.8804981424263,1072.7657,3891.8308,3483.809,0.2539541739079178,13.88,0.5865151319446068,13.2,14.4,14.3,0.8865926413116154,0.015355,0.0003817894156257,0.0148,0.0161,0.0153,-1.4536809489344849,3202.9092950000004,756.053370304406,1072.7657,4217.9309,3435.47525,0.1809730772642546,13.920000000000002,0.6126731763776113,12.7,14.4,14.3,0.7834519585759673,4.431489855511274e-06,0.0043117198594163,0.21312,0.0002994249902372,0.0,-5.3373060974941815,-11.470628691120796,0.9651701594277384,0.9485969451423859
2025-09-08 22:05:01.695,0.0145,3539.1592,14.4,QTI,22,0,251,1,3,0.0148,0.015,0.0159,0.0153,0.0154,0.0152,0.0278,3339.7346,2784.6516,3627.8834,2330.9238,3805.8969,3637.3826,538300.0,14.4,14.4,13.2,13.2,14.3,12.7,,-0.0002999999999999,-0.0202702702702702,199.42460000000028,0.0597127089080671,0.0,0.0,0.01502,0.0005263078946868,0.0145,0.0159,0.0149,-0.9880148203162232,3389.3130600000004,359.89765439954294,2784.6516,3655.1365,3539.1592,0.4163576454811981,13.919999999999998,0.6572670690061982,13.2,14.4,14.4,0.7302967433402261,0.01516,0.0004141926551242,0.0145,0.0159,0.0151,-1.5934613804342306,3170.4347,882.6626407664136,1072.7657,3891.8308,3583.5213000000003,0.4177411425047256,13.89,0.5952590472502983,13.2,14.4,14.3,0.856769842232321,0.0153149999999999,0.0004270769682752,0.0145,0.0161,0.01525,-1.9083211236872373,3202.395825,755.8090949812182,1072.7657,4217.9309,3435.47525,0.4455667141824597,14.005,0.5491380806126518,12.7,14.4,14.3,0.7193090662357915,4.097018297453249e-06,0.0040687629988501,0.2088,0.0002825529860312,0.0,-5.4563596663304,-11.4662930869118,0.9651701594277384,0.8470472983952729
2025-09-08 22:17:39.834,0.0149,3476.8266,14.4,QTI,22,0,251,1,3,0.0145,0.0148,0.015,0.0151,0.015,0.015,0.0278,3539.1592,3339.7346,2784.6516,3727.2671,3321.4188,3597.8682,538300.0,14.4,14.4,14.4,13.2,14.3,12.7,,0.0003999999999999,0.0275862068965517,-62.33260000000018,-0.0176122622570921,0.0,0.0,0.01502,0.0005263078946868,0.0145,0.0159,0.0149,-0.2280034200729829,3353.65108,334.9413832717456,2784.6516,3627.8834,3476.8266,0.3677524670042493,14.16,0.5366563145999458,13.2,14.4,14.4,0.4472135954999615,0.01514,0.0004221637386436,0.0145,0.0159,0.01505,-0.5684997976640813,3128.93428,854.2755768836149,1072.7657,3734.9943,3507.9929,0.4072366451925339,13.9,0.603692342542494,13.2,14.4,14.3,0.8282364455613497,0.0153,0.0004364932024425,0.0145,0.0161,0.0152,-0.9163945687164512,3200.41467,754.9940497301793,1072.7657,4217.9309,3415.6637,0.366111401935928,14.09,0.4610057654622916,13.2,14.4,14.3,0.6724427832027997,4.285517143708001e-06,0.0041417078435835,0.21456,0.0002876186002488,0.0,-5.297621574548775,-11.46764823308192,0.9651701594277384,0.6687085748400027
2025-09-08 22:30:25.692,0.015,3437.8065,14.4,QTI,22,0,251,1,3,0.0149,0.0145,0.0148,0.0149,0.015,0.0157,0.0294,3476.8266,3539.1592,3339.7346,3655.1365,3012.9022,3664.0454,561457.0,14.4,14.4,14.4,13.2,14.3,12.7,,9.99999999999994e-05,0.006711409395973,-39.02009999999973,-0.0112229065435703,0.0,0.0,0.01484,0.0002073644135569,0.0145,0.015,0.0149,0.7715885153845903,3315.6357000000003,305.5306223247353,2784.6516,3539.1592,3437.8065,0.3998643378867268,14.4,0.0,14.4,14.4,14.4,,0.0150699999999999,0.0003743141877012,0.0145,0.0159,0.015,-0.18700867426341,3099.2155,835.8190987782323,1072.7657,3727.2671,3457.31655,0.4051008172640934,13.91,0.6118278625016459,13.2,14.4,14.35,0.8008788583058066,0.01525,0.0004084631014573,0.0145,0.0161,0.0151,-0.612050388659355,3239.4699100000003,745.5315708383912,1072.7657,4217.9309,3457.31655,0.2660337908654351,14.105,0.4661996409942393,13.2,14.4,14.3,0.632776120056354,4.363247320638901e-06,0.0041887174278133,0.216,0.0002908831547092,0.0,-5.257937051603369,-11.46849655224513,0.9651701594277384,0.6868035036928831
2025-09-08 22:41:46.783,0.0146,3794.6725,14.4,QTI,22,0,251,1,3,0.015,0.0149,0.0145,0.0159,0.0151,0.0155,0.0294,3437.8065,3476.8266,3539.1592,3627.8834,3891.8308,3778.2869,561457.0,14.4,14.4,14.4,13.2,14.3,12.7,,-0.0003999999999999,-0.0266666666666666,356.866,0.1038063078884747,0.0,0.0,0.01476,0.000207364413557,0.0145,0.015,0.0148,-0.7715885153840746,3517.63988,170.95287532228716,3339.7346,3794.6725,3476.8266,1.620520388895051,14.4,0.0,14.4,14.4,14.4,,0.015,0.0003915780041533,0.0145,0.0159,0.01495,-1.0215078368993114,3371.4061800000004,462.3161589017646,2330.9238,3794.6725,3507.9929,0.9155343412730196,13.919999999999998,0.6196773353931865,13.2,14.4,14.4,0.7745966692414872,0.015205,0.0004285532577473,0.0145,0.0161,0.0151,-1.4117265218801105,3314.196945,720.9182877664803,1072.7657,4217.9309,3507.9929,0.6664771350004038,14.11,0.4689293516534287,13.2,14.4,14.3,0.6184300449043569,3.84749935600503e-06,0.0037947938853748,0.21024,0.000263527353151,0.0,-5.416675143384994,-11.460738082469348,0.9651701594277384,0.7064540878572404
2025-09-08 22:56:24.951,0.0146,2954.7253,14.4,QTI,22,0,251,1,3,0.0146,0.015,0.0149,0.015,0.0157,0.0153,0.0294,3794.6725,3437.8065,3476.8266,2784.6516,3734.9943,3549.4286,561457.0,14.4,14.4,14.4,14.4,14.3,12.7,,0.0,0.0,-839.9472000000001,-0.2213490624026184,0.0,0.0,0.01472,0.0002167948339096,0.0145,0.015,0.0146,-0.5535187247590103,3440.63802,305.1539143744909,2954.7253,3794.6725,3476.8266,-1.5923528983596065,14.4,0.0,14.4,14.4,14.4,,0.0149299999999999,0.0003945461527756,0.0145,0.0159,0.0149,-0.8364040497631507,3433.7863300000004,329.26392968950495,2784.6516,3794.6725,3507.9929,-1.4549453699703871,14.04,0.5796550698475775,13.2,14.4,14.4,0.6210590034081178,0.01518,0.0004490926524841,0.0145,0.0161,0.01505,-1.2914929620684954,3270.54441,714.5880637659958,1072.7657,4217.9309,3457.31655,-0.4419596772098062,14.115,0.4715874646787222,13.2,14.4,14.3,0.6043417633972984,4.941237684599648e-06,0.0048735494971393,0.21024,0.0003384409373013,0.0,-5.416675143384994,-11.478999012242571,0.9651701594277384,0.8081662427495672
2025-09-08 23:07:14.819,0.0146,3993.189,14.4,QTI,23,0,251,1,3,0.0146,0.0146,0.015,0.0148,0.0153,0.0152,0.0294,2954.7253,3794.6725,3437.8065,3339.7346,1072.7657,3516.4497,561457.0,14.4,14.4,14.4,14.4,14.3,12.7,,0.0,0.0,1038.4636999999998,0.3514586279814233,0.0,0.0,0.01474,0.0001949358869215,0.0146,0.015,0.0146,-0.7181848463661581,3531.44398,395.870305960108,2954.7253,3993.189,3476.8266,1.1664047872449672,14.4,0.0,14.4,14.4,14.4,,0.0148799999999999,0.0004022160834441,0.0145,0.0159,0.01485,-0.6961432213310933,3460.37852,364.4572155502741,2784.6516,3993.189,3507.9929,1.4619287457254444,14.16,0.5059644256269407,13.2,14.4,14.4,0.4743416490252573,0.015125,0.0004494148241874,0.0145,0.0161,0.015,-1.1681857645643987,3353.710825,695.8933004344769,1072.7657,4217.9309,3507.9929,0.9189313571502208,14.12,0.4741751841494425,13.2,14.4,14.3,0.5904990589126982,3.6562256382054553e-06,0.0036061403554903,0.21024,0.0002504264135757,0.0,-5.416675143384994,-11.456422220870753,0.9651701594277384,0.82054071244719
2025-09-08 23:29:45.277,0.0156,1991.2401,13.8,QTI,23,0,251,1,3,0.0146,0.0146,0.0146,0.0145,0.0153,0.016,0.0273,3993.189,2954.7253,3794.6725,3539.1592,2330.9238,2656.7017,542934.0,14.4,14.4,14.4,14.4,13.2,14.1,,0.0009999999999999,0.0684931506849315,-2001.9489,-0.5013408831888497,-0.5999999999999996,-0.0416666666666666,0.01488,0.0004381780460152,0.0146,0.0156,0.0146,1.643167672473634,3234.32668,799.172178028686,1991.2401,3993.189,3437.8065,-1.5554677880132357,14.28,0.2683281572999642,13.8,14.4,14.4,-1.788854381999904,0.01495,0.000462481230854,0.0145,0.0159,0.01485,1.4054624417939976,3293.98888,581.0950831626219,1991.2401,3993.189,3457.31655,-2.2418857390941307,14.220000000000002,0.4049691346263314,13.2,14.4,14.4,-1.0371160764820742,0.01512,0.0004431941477732,0.0145,0.0161,0.015,1.0830467920472988,3285.54779,759.6565737848233,1072.7657,4217.9309,3507.9929,-1.703806344426658,14.095,0.4773556546775488,13.2,14.4,14.3,-0.6179878610619352,7.834313903180233e-06,0.0069303546066594,0.21528,0.0005021996091782,-0.5999999999999996,-5.019829913930932,-11.499945728387043,0.0133587565318724,1.4628639817507243
2025-09-08 23:41:07.862,0.0153,2542.9664,14.0,QTI,23,0,251,1,3,0.0156,0.0146,0.0146,0.0149,0.0151,0.0155,0.0273,1991.2401,3993.189,2954.7253,3476.8266,3727.2671,2300.1318,542934.0,13.8,14.4,14.4,14.4,13.2,14.3,,-0.0002999999999999,-0.0192307692307692,551.7262999999998,0.2770767322333454,0.1999999999999993,0.0144927536231882,0.01494,0.0004774934554627,0.0146,0.0156,0.0146,0.7539370349089469,3055.3586600000003,841.2983892834603,1991.2401,3993.189,2954.7253,-0.6090493771614237,14.2,0.2828427124746104,13.8,14.4,14.4,-0.7071067811865664,0.01489,0.0003510302297888,0.0145,0.0156,0.01485,1.1679905751895754,3185.49718,612.2715616085587,1991.2401,3993.189,3388.77055,-1.049421237713449,14.3,0.2160246899469275,13.8,14.4,14.4,-1.388730149658838,0.01508,0.0003819616955022,0.0145,0.0159,0.015,0.5759739853251346,3201.7995650000003,743.6148424709509,1072.7657,3993.189,3457.31655,-0.8859871096853982,14.080000000000002,0.4752838487073855,13.2,14.4,14.3,-0.1683204683213522,6.016595421787721e-06,0.0055053814317011,0.2142,0.0003932415308357,0.1999999999999993,-5.138883482767151,-11.487950884879808,0.3306292241638268,0.8775682751789665
2025-09-08 23:51:16.557,0.015,3960.3366,14.0,QTI,23,0,251,1,3,0.0153,0.0156,0.0146,0.015,0.0149,0.0151,0.0273,2542.9664,1991.2401,3993.189,3437.8065,3655.1365,3827.776,542934.0,14.0,13.8,14.4,14.4,13.2,14.3,,-0.0002999999999999,-0.0196078431372549,1417.3702000000003,0.5573688272090422,0.0,0.0,0.01502,0.0004381780460151,0.0146,0.0156,0.015,-0.0456435464576284,3088.49148,880.0629406907008,1991.2401,3993.189,2954.7253,0.9906622352666608,14.12,0.2683281572999674,13.8,14.4,14.0,-0.4472135954999673,0.01489,0.0003510302297888,0.0145,0.0156,0.01485,0.3133633250508597,3303.06568,639.0412621201226,1991.2401,3993.189,3457.31655,1.0285265740421798,14.260000000000002,0.2319003617456802,13.8,14.4,14.4,-1.1211711704233458,0.01506,0.0003747279714945,0.0145,0.0159,0.015,-0.1601161497517657,3209.5215500000004,750.9835623397947,1072.7657,3993.189,3457.31655,0.9997756111475063,14.065,0.4727021984516808,13.2,14.4,14.3,-0.1375072936256832,3.787556845546916e-06,0.0035350530558437,0.21,0.0002525037897031,0.0,-5.257937051603369,-11.457136450728632,0.3306292241638268,0.7137683480342862
2025-09-09 00:03:09.705,0.0148,3390.1904,14.0,QTI,0,1,252,1,0,0.015,0.0153,0.0156,0.0146,0.0159,0.0157,0.0273,3960.3366,2542.9664,1991.2401,3794.6725,3627.8834,2329.8607,542934.0,14.0,14.0,13.8,14.4,13.2,14.3,,-0.0001999999999999,-0.0133333333333333,-570.1462000000001,-0.1439640761848374,0.0,0.0,0.01506,0.0003974921382991,0.0146,0.0156,0.015,-0.6541009870346833,3175.5845,885.0488680097305,1991.2401,3993.189,3390.1904,0.2424791531371582,14.04,0.2190890230020594,13.8,14.4,14.0,-0.1825741858350654,0.01489,0.0003510302297888,0.0145,0.0156,0.01485,-0.2563881750416142,3308.11126,639.561928249293,1991.2401,3993.189,3457.31655,0.1283365009306908,14.220000000000002,0.2394437999475721,13.8,14.4,14.4,-0.9187959765430256,0.01505,0.0003790570016701,0.0145,0.0159,0.015,-0.6595314132135237,3212.96013,751.6800015313852,1072.7657,3993.189,3457.31655,0.2357788814907031,14.05,0.4696022953409334,13.2,14.4,14.3,-0.1064730741226477,4.365536519718774e-06,0.0041295615727069,0.2072,0.0002949686837647,0.0,-5.3373060974941815,-11.46953175333655,0.3306292241638268,0.6517142915911008
2025-09-09 00:16:31.987,0.015,3063.991,14.0,QTI,0,1,252,1,0,0.0148,0.015,0.0153,0.0146,0.015,0.0157,0.0151,3390.1904,3960.3366,2542.9664,2954.7253,2784.6516,3354.5008,3432.7488,14.0,14.0,14.0,14.4,14.4,14.3,12.7,0.0001999999999999,0.0135135135135133,-326.1994,-0.0962186076628616,0.0,0.0,0.01514,0.0003130495168652,0.0148,0.0156,0.015,-0.4472135954781329,2989.7449,759.0356054305022,1991.2401,3960.3366,3063.991,0.0978163599557226,13.96,0.0894427190999793,13.8,14.0,14.0,0.4472135955000293,0.01494,0.0003238655413783,0.0146,0.0156,0.01495,0.1852620681553584,3260.59444,638.1386308403305,1991.2401,3993.189,3413.99845,-0.3080889175148405,14.18,0.2394437999475723,13.8,14.4,14.2,-0.7517421626261093,0.01505,0.0003790570016701,0.0145,0.0159,0.015,-0.1319062826427047,3215.5145700000003,751.0509055704545,1072.7657,3993.189,3457.31655,-0.201748734840965,14.035,0.465973796417103,13.2,14.4,14.3,-0.0751115197230337,4.895575737657193e-06,0.0045692040218133,0.21,0.0003263717158438,0.0,-5.257937051603369,-11.47662351378943,0.3306292241638268,0.44147024879493857
2025-09-09 00:27:04.074,0.0153,3875.6068,14.0,QTI,0,1,252,1,0,0.015,0.0148,0.015,0.0146,0.0148,0.0161,0.0156,3063.991,3390.1904,3960.3366,3993.189,3339.7346,4217.9309,3542.4932,14.0,14.0,14.0,14.4,14.4,14.3,12.7,0.0002999999999999,0.02,811.6158,0.2648884412519487,0.0,0.0,0.01508,0.0002167948339089,0.0148,0.0153,0.015,1.0147843287278755,3366.6182400000007,587.816318988034,2542.9664,3960.3366,3390.1904,0.865897294032697,14.0,0.0,14.0,14.0,14.0,,0.0149799999999999,0.0003425395354359,0.0146,0.0156,0.015,0.9341987329804448,3300.47246,665.0454872223497,1991.2401,3993.189,3413.99845,0.8648045149544952,14.14,0.2319003617456806,13.8,14.4,14.0,-0.6037075533048761,0.0150599999999999,0.0003830624519502,0.0145,0.0159,0.015,0.6265296919030355,3214.70337,750.2903557480339,1072.7657,3993.189,3457.31655,0.88086355493812,14.02,0.4618042419626915,13.2,14.4,14.15,-0.0433083938661943,3.947768901633674e-06,0.0036123375570504,0.2142,0.0002580241112178,0.0,-5.138883482767151,-11.458978524763166,0.3306292241638268,0.5360698582600025
2025-09-09 00:37:47.638,0.0149,3800.4584,14.0,QTI,0,1,252,1,0,0.0153,0.015,0.0148,0.0156,0.0145,0.0154,0.0155,3875.6068,3063.991,3390.1904,1991.2401,3539.1592,3805.8969,3559.8478,14.0,14.0,14.0,13.8,14.4,14.3,12.7,-0.0003999999999999,-0.0261437908496731,-75.14840000000004,-0.0193900991194463,0.0,0.0,0.015,0.0001870828693645,0.0148,0.0153,0.015,-0.5345224837509168,3618.11664,379.3645358859093,3063.991,3960.3366,3800.4584,0.4806505161959512,14.0,0.0,14.0,14.0,14.0,,0.01497,0.0003433495141867,0.0146,0.0156,0.01495,-0.2038738868345511,3336.73765,683.0115634505604,1991.2401,3993.189,3592.43145,0.6789354306935775,14.1,0.2160246899469283,13.8,14.4,14.0,-0.4629100498862748,0.01502,0.0003533300231398,0.0145,0.0159,0.015,-0.3396258232845244,3217.976575,752.818170768776,1072.7657,3993.189,3457.31655,0.7737350765659274,14.005,0.4570788254027724,13.2,14.4,14.0,-0.0109390322240257,3.920579685861053e-06,0.0036837661477889,0.2086,0.0002631261534134,0.0,-5.297621574548775,-11.460612293713131,0.3306292241638268,0.5142448160013755
2025-09-09 00:50:17.859,0.0148,3236.4899,14.0,QTI,0,1,252,1,0,0.0149,0.0153,0.015,0.0153,0.0149,0.015,0.015,3800.4584,3875.6068,3063.991,2542.9664,3476.8266,3321.4188,3927.0154,14.0,14.0,14.0,14.0,14.4,14.3,12.7,-9.99999999999994e-05,-0.0067114093959731,-563.9685,-0.1483948620513777,0.0,0.0,0.01496,0.0002073644135567,0.0148,0.0153,0.0149,-0.7715885153855073,3473.3473,353.3424199675785,3063.991,3875.6068,3390.1904,-0.6703338931728975,14.0,0.0,14.0,14.0,14.0,,0.01499,0.0003247221034173,0.0146,0.0156,0.01495,-0.5851156973930621,3280.91939,663.9721936376197,1991.2401,3993.189,3313.34015,-0.0669146847198371,14.06,0.1897366596101026,13.8,14.4,14.0,-0.3162277660168314,0.014995,0.0003501503436335,0.0145,0.0159,0.01495,-0.5569036373817545,3326.1627850000004,558.7719943103671,1991.2401,3993.189,3457.31655,-0.160482067664601,13.99,0.4517801048717105,13.2,14.4,14.0,0.0221346621778297,4.572855302282884e-06,0.0043256739345919,0.2072,0.0003089767096137,0.0,-5.3373060974941815,-11.47287328961003,0.3306292241638268,0.37380750845921284
2025-09-09 00:58:48.238,0.0148,2097.8695,14.0,QTI,0,1,252,1,0,0.0148,0.0149,0.0153,0.015,0.015,0.015,0.015,3236.4899,3800.4584,3875.6068,3960.3366,3437.8065,3012.9022,2884.0842,14.0,14.0,14.0,14.0,14.4,14.3,12.7,0.0,0.0,-1138.6204000000002,-0.3518071846910445,0.0,0.0,0.01496,0.0002073644135567,0.0148,0.0153,0.0149,-0.7715885153855073,3214.88312,715.9624483095512,2097.8695,3875.6068,3236.4899,-1.560156713019468,14.0,0.0,14.0,14.0,14.0,,0.01501,0.0003034981237412,0.0146,0.0156,0.01495,-0.6919317899277359,3195.23381,759.203964470476,1991.2401,3993.189,3313.34015,-1.4454143568196225,14.02,0.1475729574745247,13.8,14.4,14.0,-0.1355261854357844,0.01497,0.0003450400434264,0.0145,0.0159,0.0149,-0.492696436946272,3314.51007,582.5436388558787,1991.2401,3993.189,3457.31655,-2.0884968761988256,14.03,0.4117996446919548,13.2,14.4,14.0,-0.0728509613514662,7.054776286132193e-06,0.0066734370274223,0.2072,0.0004766740733873,0.0,-5.3373060974941815,-11.497627544595062,0.3306292241638268,0.7482151647384331
2025-09-09 01:16:33.741,0.0159,2510.9881,14.0,QTI,1,1,252,1,0,0.0148,0.0148,0.0149,0.0148,0.0146,0.0151,0.0151,2097.8695,3236.4899,3800.4584,3390.1904,3794.6725,3891.8308,3619.1537,14.0,14.0,14.0,14.0,14.4,14.3,12.7,0.0011,0.0743243243243243,413.1186000000002,0.196922925854063,0.0,0.0,0.01514,0.0004722287581348,0.0148,0.0159,0.0149,1.6093894895384224,3104.28254,784.5295143237415,2097.8695,3875.6068,3236.4899,-0.756242345466652,14.0,0.0,14.0,14.0,14.0,,0.01514,0.0003777124126501,0.0148,0.0159,0.015,2.0121128523884697,3047.01372,730.2422499603463,1991.2401,3960.3366,3150.24045,-0.7340380812382565,13.98,0.0632455532033691,13.8,14.0,14.0,0.3162277660168234,0.01501,0.000402492235936,0.0145,0.0159,0.0149,2.211222777826116,3253.69612,600.3988670877945,1991.2401,3993.189,3413.99845,-1.237024352831425,14.07,0.3628831912975788,13.2,14.4,14.0,-0.1928995381397968,6.332168599285676e-06,0.0055754943641509,0.2226,0.0003982495974393,0.0,-4.900776345094712,-11.488646111306622,0.3306292241638268,1.0542481837817104
2025-09-09 01:35:59.033,0.0153,2266.6518,13.2,QTI,1,1,252,1,0,0.0159,0.0148,0.0148,0.015,0.0146,0.0157,0.0157,2510.9881,2097.8695,3236.4899,3063.991,2954.7253,3734.9943,3782.693,14.0,14.0,14.0,14.0,14.4,14.3,12.7,-0.0006,-0.0377358490566038,-244.33629999999997,-0.0973068331148203,-0.8000000000000007,-0.0571428571428571,0.01514,0.0004722287581348,0.0148,0.0159,0.0149,0.3388188399028142,2782.49154,716.045239406708,2097.8695,3800.4584,2510.9881,-0.7204010467654364,13.84,0.3577708763999648,13.2,14.0,14.0,-1.7888543819998408,0.01511,0.0003478505426233,0.0148,0.0159,0.015,0.5462115958397437,3074.55489,690.0889895664861,2097.8695,3960.3366,3150.24045,-1.1707230548737264,13.920000000000002,0.2529822128134714,13.2,14.0,14.0,-2.8460498941515384,0.0150299999999999,0.0004066551623199,0.0145,0.0159,0.01495,0.663953209052264,3184.271885,631.0311033800749,1991.2401,3993.189,3364.9625,-1.4541598347289553,14.07,0.3628831912975788,13.2,14.4,14.0,-2.397465688308953,6.750044272349197e-06,0.0058235676075169,0.2019599999999999,0.0004411793642058,-0.8000000000000007,-5.138883482767151,-11.493958121413147,-0.9384526463639964,1.3604388460347283
2025-09-09 01:51:05.998,0.0152,2911.6656,14.2,QTI,1,1,252,1,0,0.0153,0.0159,0.0148,0.0153,0.0146,0.0153,0.0157,2266.6518,2510.9881,2097.8695,3875.6068,3993.189,1072.7657,3561.5892,13.2,14.0,14.0,14.0,14.4,14.3,12.7,-9.99999999999994e-05,-0.0065359477124182,645.0137999999997,0.2845667781879861,1.0,0.0757575757575756,0.0152,0.0004527692569173,0.0148,0.0159,0.0152,-1.9156816076553e-14,2604.73298,467.2584993776882,2097.8695,3236.4899,2510.9881,0.6568796938071411,13.88,0.3898717737923567,13.2,14.2,14.0,0.8207826816681278,0.0150999999999999,0.000343187671371,0.0148,0.0159,0.015,0.291385758703061,3111.42481,668.0284433207413,2097.8695,3960.3366,3150.24045,-0.2990280009740386,13.94,0.2674987019698525,13.2,14.2,14.0,0.971967333244482,0.0149949999999999,0.0003546310165277,0.0145,0.0159,0.01495,0.5780656243978943,3148.4609950000004,624.8233193954637,1991.2401,3993.189,3288.11225,-0.3789797653984931,14.12,0.3001753873286322,13.2,14.4,14.0,0.2665108579086,5.22037970294391e-06,0.0048769336698554,0.2158399999999999,0.0003434460330884,1.0,-5.178568005712556,-11.479935154606949,0.6478996917957811,1.556660265323586
2025-09-09 02:03:10.121,0.0151,3617.461,14.2,QTI,2,1,252,1,0,0.0152,0.0153,0.0159,0.0149,0.0156,0.0153,0.0155,2911.6656,2266.6518,2510.9881,3800.4584,1991.2401,2330.9238,3655.5779,14.2,13.2,14.0,14.0,13.8,13.2,12.7,-9.99999999999994e-05,-0.006578947368421,705.7954,0.2424026303020512,0.0,0.0,0.01526,0.0004037325847754,0.0148,0.0159,0.0152,-0.3963019236829424,2680.9272,606.3817818997973,2097.8695,3617.461,2510.9881,1.544462297442108,13.919999999999998,0.4147288270665523,13.2,14.2,14.0,0.675139951038583,0.01511,0.00034140233678,0.0148,0.0159,0.01505,-0.029290953583729,3077.13725,627.1649650483544,2097.8695,3875.6068,3150.24045,0.8615336954581656,13.96,0.279682359512041,13.2,14.2,14.0,0.8581163303210319,0.015,0.0003554093266397,0.0145,0.0159,0.01495,0.2813657169480374,3190.101465,627.0484151005666,1991.2401,3993.189,3364.9625,0.6815415280675892,14.110000000000005,0.2936162909577549,13.2,14.4,14.0,0.3065225015492936,4.174198422595296e-06,0.0039254051391293,0.21442,0.0002764369816288,0.0,-5.218252528657962,-11.464590761252618,0.6478996917957811,0.8720237010288016
2025-09-09 02:15:35.346,0.015,3530.0416,14.2,QTI,2,1,252,1,0,0.0151,0.0152,0.0153,0.0148,0.0153,0.0151,0.0153,3617.461,2911.6656,2266.6518,3236.4899,2542.9664,3727.2671,3830.5218,14.2,14.2,13.2,14.0,14.0,13.2,12.7,-0.0001,-0.0066225165562914,-87.41939999999977,-0.024165955071803,0.0,0.0,0.0153,0.0003535533906066,0.015,0.0159,0.0152,-0.8485281373918054,2967.36162,600.3355435983938,2266.6518,3617.461,2911.6656,0.937275805172742,13.96,0.4335896677735738,13.2,14.2,14.2,0.5535187248173343,0.01513,0.0003267686915558,0.0148,0.0159,0.01505,-0.397834931434345,3091.12237,636.4124518794009,2097.8695,3875.6068,3150.24045,0.6896773133583729,13.98,0.2898275349237892,13.2,14.2,14.0,0.7590721152765845,0.0150099999999999,0.0003522857691515,0.0145,0.0159,0.015,-0.0283860458629459,3199.6168150000003,630.8708669812062,1991.2401,3993.189,3413.99845,0.523759777624734,14.1,0.2865401597645506,13.2,14.4,14.0,0.3489912202260563,4.249241708652952e-06,0.0040226154841914,0.213,0.0002832827805768,0.0,-5.257937051603369,-11.466491308720624,0.6478996917957811,0.5858210506356704
2025-09-09 02:27:41.812,0.0154,3638.5187,14.2,QTI,2,1,252,1,0,0.015,0.0151,0.0152,0.0148,0.015,0.0149,0.015,3530.0416,3617.461,2911.6656,2097.8695,3960.3366,3655.1365,3569.0876,14.2,14.2,14.2,14.0,14.0,13.2,12.7,0.0004,0.0266666666666668,108.47710000000006,0.0307296945169144,0.0,0.0,0.0152,0.0001581138830385,0.015,0.0154,0.0152,1.2649110638263197,3192.86774,597.8128982208517,2266.6518,3638.5187,3530.0416,0.7454689608175062,14.0,0.4472135954999556,13.2,14.2,14.2,0.4472135954999586,0.01517,0.0003334999583591,0.0148,0.0159,0.01515,0.6896552585242918,3148.57514,659.2155020432355,2097.8695,3875.6068,3383.26575,0.743222145840658,14.0,0.2981423969999724,13.2,14.2,14.0,0.6708203932499335,0.015055,0.0003410124245142,0.0146,0.0159,0.015,1.0116933436998892,3204.58479,634.0685328741046,1991.2401,3993.189,3413.99845,0.6843643667870812,14.09,0.2789076436460821,13.2,14.4,14.0,0.3943957883763959,4.23249164556994e-06,0.0039026871017592,0.2186799999999999,0.0002748371198422,0.0,-5.099198959821743,-11.464132954879926,0.6478996917957811,0.4886971641937506
2025-09-09 02:38:53.067,0.0148,3895.3262,14.2,QTI,2,1,252,1,0,0.0154,0.015,0.0151,0.0159,0.0148,0.0159,0.0156,3638.5187,3530.0416,3617.461,2510.9881,3390.1904,3627.8834,3707.0826,14.2,14.2,14.2,14.0,14.0,13.2,12.7,-0.0005999999999999,-0.0389610389610389,256.8074999999999,0.0705802336538767,0.0,0.0,0.0151,0.0002236067977714,0.0148,0.0154,0.0151,-1.3416407863710216,3518.60262,365.573831593826,2911.6656,3895.3262,3617.461,1.0304993066860482,14.2,0.0,14.2,14.2,14.2,,0.01512,0.0003489667287594,0.0148,0.0159,0.01505,-0.9169928638685162,3150.54708,661.6569208939549,2097.8695,3895.3262,3383.26575,1.1256273402139283,14.02,0.3047767853509993,13.2,14.2,14.1,0.5905961630007379,0.01505,0.0003441236007896,0.0146,0.0159,0.015,-0.7264831572909691,3225.50977,650.2253123609956,1991.2401,3993.189,3413.99845,1.0301297369797378,14.079999999999998,0.2706716791515806,13.2,14.4,14.0,0.4433415434379413,3.799425064837959e-06,0.0036453943189661,0.2101599999999999,0.0002567179097863,0.0,-5.3373060974941815,-11.458549813793512,0.6478996917957811,0.46503125480295154
2025-09-09 02:53:17.327,0.0148,3018.1903,14.2,QTI,2,1,252,1,0,0.0148,0.0154,0.015,0.0153,0.015,0.015,0.0155,3895.3262,3638.5187,3530.0416,2266.6518,3063.991,2784.6516,3503.6553,14.2,14.2,14.2,13.2,14.0,14.4,12.7,0.0,0.0,-877.1358999999998,-0.2251764948465676,0.0,0.0,0.01502,0.0002489979919791,0.0148,0.0154,0.015,-0.8835412617238717,3539.907560000001,321.8490899489049,3018.1903,3895.3262,3617.461,-1.620999643288802,14.2,0.0,14.2,14.2,14.2,,0.01511,0.0003573047252276,0.0148,0.0159,0.01505,-0.8676067740288163,3072.32027,621.2932912737111,2097.8695,3895.3262,3127.3401000000003,-0.0871246652108995,14.04,0.3098386676965937,13.2,14.2,14.2,0.5163977794943163,0.01504,0.0003485307507227,0.0146,0.0159,0.015,-0.6886049494981594,3204.52896,649.7843266955755,1991.2401,3993.189,3313.34015,-0.2867700132867312,14.07,0.2617753154701048,13.2,14.4,14.0,0.4966090854156452,4.903600677531831e-06,0.0047048060554697,0.2101599999999999,0.0003313243701035,0.0,-5.3373060974941815,-11.477619247052504,0.6478996917957811,0.563792948060759
2025-09-09 03:05:46.819,0.0147,3461.3943,14.2,QTI,3,1,252,1,0,0.0148,0.0148,0.0154,0.0152,0.0153,0.0148,0.0153,3018.1903,3895.3262,3638.5187,2911.6656,3875.6068,3339.7346,3625.1249,14.2,14.2,14.2,14.2,14.0,14.4,12.7,-0.0001,-0.0067567567567567,443.2039999999997,0.1468442861273524,0.0,0.0,0.01494,0.0002792848008928,0.0147,0.0154,0.0148,-0.8593378487937264,3508.6942200000003,320.0100700659283,3018.1903,3895.3262,3530.0416,-0.147807598649179,14.2,0.0,14.2,14.2,14.2,,0.0150999999999999,0.0003681787005774,0.0147,0.0159,0.01505,-1.0864289524968689,3094.81071,631.8770026695371,2097.8695,3895.3262,3239.7923,0.5801502324839599,14.06,0.3134042472944846,13.2,14.2,14.2,0.4467074113020942,0.015045,0.0003425523394344,0.0146,0.0159,0.015,-1.0071453622812918,3187.86505,638.0203940116212,1991.2401,3993.189,3313.34015,0.4287155278535154,14.060000000000002,0.2521486612465357,13.2,14.4,14.0,0.5552280123474996,4.2468435335436935e-06,0.004102393073219,0.2087399999999999,0.0002889009206492,0.0,-5.376990620439588,-11.467983740059664,0.6478996917957811,0.4214623425536273
2025-09-09 03:16:55.127,0.0151,3905.1101,14.2,QTI,3,1,252,1,0,0.0147,0.0148,0.0148,0.0151,0.0149,0.0145,0.0152,3461.3943,3018.1903,3895.3262,3617.461,3800.4584,3539.1592,3637.3826,14.2,14.2,14.2,14.2,14.0,14.4,12.7,0.0004,0.0272108843537415,443.7158,0.12818990312661,0.0,0.0,0.01496,0.0002880972058346,0.0147,0.0154,0.0148,0.485947094121971,3583.70792,366.80387917735504,3018.1903,3905.1101,3638.5187,0.8762235031996414,14.2,0.0,14.2,14.2,14.2,,0.01513,0.0003529242915398,0.0147,0.0159,0.0151,-0.0850040666487089,3275.53477,570.5259157714443,2266.6518,3905.1101,3495.71795,1.1034999683558833,14.080000000000002,0.3155242550986465,13.2,14.2,14.2,0.380319414627824,0.01507,0.0003262223974843,0.0146,0.0159,0.015,0.0919618034547676,3235.38429,654.9108093413224,1991.2401,3993.189,3425.79235,1.022621401948729,14.05,0.2417044737516829,13.2,14.4,14.0,0.6205925677408118,3.866728367018385e-06,0.003636261113355,0.21442,0.0002560747262926,0.0,-5.218252528657962,-11.458337106243787,0.6478996917957811,0.35284471844183074
2025-09-09 03:29:46.733,0.0152,3405.1509,14.2,QTI,3,1,252,1,0,0.0151,0.0147,0.0148,0.015,0.0148,0.0149,0.015,3905.1101,3461.3943,3018.1903,3530.0416,3236.4899,3476.8266,3597.8682,14.2,14.2,14.2,14.2,14.0,14.4,12.7,9.99999999999994e-05,0.0066225165562914,-499.9591999999998,-0.1280269152974713,0.0,0.0,0.01492,0.0002167948339092,0.0147,0.0152,0.0148,1.2915436911064666,3537.03436,372.8828988069085,3018.1903,3905.1101,3461.3943,-0.3536859974592017,14.2,0.0,14.2,14.2,14.2,,0.01506,0.0002319003617528,0.0147,0.0154,0.0151,0.6037075532861138,3364.9510500000006,503.52252562916624,2266.6518,3905.1101,3495.71795,0.0798372425340229,14.1,0.3162277660168382,13.2,14.2,14.2,0.3162277660168365,0.0150999999999999,0.0003077935056075,0.0147,0.0159,0.01505,0.3248931448460082,3205.982385,631.8943315502535,1991.2401,3960.3366,3397.67065,0.3151927546356859,14.04,0.2303315687849721,13.2,14.2,14.0,0.6946507630023032,4.4638256706920095e-06,0.0041701529291991,0.2158399999999999,0.0002936727414928,0.0,-5.178568005712556,-11.469206503559096,0.6478996917957811,0.35379750908212537
2025-09-09 03:41:15.333,0.0149,3777.5994,14.2,QTI,3,1,252,1,0,0.0152,0.0151,0.0147,0.0154,0.0148,0.015,0.0157,3405.1509,3905.1101,3461.3943,3638.5187,2097.8695,3437.8065,3664.0454,14.2,14.2,14.2,14.2,14.0,14.4,12.7,-0.0002999999999999,-0.0197368421052631,372.4485,0.1093779720599166,0.0,0.0,0.01494,0.0002073644135567,0.0147,0.0152,0.0149,-0.1928971288463598,3513.489,347.45258700392014,3018.1903,3905.1101,3461.3943,0.7601336409016871,14.2,0.0,14.2,14.2,14.2,,0.01502,0.0002201009869305,0.0147,0.0154,0.01505,-0.5452042795149863,3516.0458100000005,336.24322505030887,2911.6656,3905.1101,3573.7513,0.7778702157072928,14.2,0.0,14.2,14.2,14.2,,0.0150649999999999,0.0002870448341826,0.0147,0.0159,0.015,-0.5748230950395059,3295.30035,574.827740518544,2097.8695,3960.3366,3433.2726,0.8390323152548708,14.06,0.2257152374587318,13.2,14.2,14.1,0.6202505492151241,3.944303887807691e-06,0.0037590010205952,0.21158,0.000264718381732,0.0,-5.297621574548775,-11.461109261372156,0.6478996917957811,0.44645504120473783
2025-09-09 03:54:04.232,0.0148,3367.5218,14.2,QTI,3,1,252,1,0,0.0149,0.0152,0.0151,0.0148,0.0159,0.0146,0.0155,3777.5994,3405.1509,3905.1101,3895.3262,2510.9881,3794.6725,3778.2869,14.2,14.2,14.2,14.2,14.0,14.4,12.7,-9.99999999999994e-05,-0.0067114093959731,-410.0776000000001,-0.1085550786565668,0.0,0.0,0.01494,0.0002073644135567,0.0147,0.0152,0.0149,-0.6751399509621926,3583.3553,242.1117111673865,3367.5218,3905.1101,3461.3943,-0.891462453258948,14.2,0.0,14.2,14.2,14.2,,0.0149799999999999,0.0002201009869305,0.0147,0.0154,0.01495,-0.8178064192723841,3561.63143,269.4725327831645,3018.1903,3905.1101,3573.7513,-0.7203317829657742,14.2,0.0,14.2,14.2,14.2,,0.01504,0.0002872739385644,0.0147,0.0159,0.015,-0.8354395153258126,3336.52812,546.9208871524871,2097.8695,3960.3366,3433.2726,0.056669402701672,14.07,0.2273416163537042,13.2,14.2,14.2,0.5718266724986385,4.394923293443861e-06,0.0042167507274934,0.2101599999999999,0.000296954276584,0.0,-5.3373060974941815,-11.470024581591298,0.6478996917957811,0.5626822766696082
2025-09-09 04:06:35.957,0.0149,3422.1438,14.2,QTI,4,1,252,1,0,0.0148,0.0149,0.0152,0.0148,0.0153,0.0146,0.0153,3367.5218,3777.5994,3405.1509,3018.1903,2266.6518,2954.7253,3549.4286,14.2,14.2,14.2,14.2,13.2,14.4,12.7,9.99999999999994e-05,0.0067567567567567,54.62199999999984,0.0162202364955736,0.0,0.0,0.01498,0.000164316767281,0.0148,0.0152,0.0149,-0.4868644954727044,3575.5052000000005,247.628181251099,3367.5218,3905.1101,3422.1438,-0.6193212712106048,14.2,0.0,14.2,14.2,14.2,,0.01496,0.000217050941289,0.0147,0.0154,0.0149,-0.2764328025654064,3542.09971,272.04247840275195,3018.1903,3905.1101,3495.71795,-0.4409455122755074,14.2,0.0,14.2,14.2,14.2,,0.0150349999999999,0.0002888725816166,0.0147,0.0159,0.01495,-0.4673340724982042,3309.61848,527.5084000181793,2097.8695,3905.1101,3413.64735,0.2133147453123435,14.080000000000002,0.2284962282309897,13.2,14.2,14.2,0.5251727826276761,4.353995878256198e-06,0.0041494457363246,0.21158,0.0002922144884735,0.0,-5.297621574548775,-11.468837068249895,0.6478996917957811,0.5201360418350323
2025-09-09 04:18:09.903,0.0152,3804.1452,14.2,QTI,4,1,252,1,0,0.0149,0.0148,0.0149,0.0147,0.0152,0.0146,0.0152,3422.1438,3367.5218,3777.5994,3461.3943,2911.6656,3993.189,3516.4497,14.2,14.2,14.2,14.2,14.2,14.4,12.7,0.0002999999999999,0.0201342281879195,382.0014000000001,0.1116263436971878,0.0,0.0,0.015,0.0001870828693645,0.0148,0.0152,0.0149,1.0690449675017588,3555.31222,216.14632884274025,3367.5218,3804.1452,3422.1438,1.151224641807548,14.2,0.0,14.2,14.2,14.2,,0.01498,0.0002299758441494,0.0147,0.0154,0.0149,0.9566222087961314,3569.5100700000003,284.22861552593616,3018.1903,3905.1101,3549.9565,0.8255155082321012,14.2,0.0,14.2,14.2,14.2,,0.0150549999999999,0.0002855742137655,0.0147,0.0159,0.015,0.5077489248348237,3330.31622,538.8356864764532,2097.8695,3905.1101,3441.76905,0.8793570876837353,14.09,0.2291862033139708,13.2,14.2,14.2,0.4799590830923895,3.995641386138468e-06,0.0037327702423135,0.2158399999999999,0.0002628711438248,0.0,-5.178568005712556,-11.460532140584592,0.6478996917957811,0.525137181768548
2025-09-09 04:32:45.355,0.0152,3001.9177,14.2,QTI,4,1,252,1,0,0.0152,0.0149,0.0148,0.0151,0.0151,0.0156,0.016,3804.1452,3422.1438,3367.5218,3905.1101,3617.461,1991.2401,2656.7017,14.2,14.2,14.2,14.2,14.2,13.8,14.1,0.0,0.0,-802.2275,-0.2108824605327893,0.0,0.0,0.015,0.0001870828693645,0.0148,0.0152,0.0149,1.0690449675017588,3474.66558,330.9284710913116,3001.9177,3804.1452,3422.1438,-1.428550038142704,14.2,0.0,14.2,14.2,14.2,,0.0149599999999999,0.0001955050439901,0.0147,0.0152,0.0149,1.2275898109928058,3505.84997,333.9903486817176,3001.9177,3905.1101,3441.76905,-1.5088228506873174,14.2,0.0,14.2,14.2,14.2,,0.015065,0.0002870448341826,0.0147,0.0159,0.01505,0.4703098050323265,3327.212555,540.6262379379094,2097.8695,3905.1101,3441.76905,-0.6017000881066367,14.1,0.2294157338705599,13.2,14.2,14.2,0.4358898943540693,5.063429953459417e-06,0.0047303095617844,0.2158399999999999,0.0003331203916749,0.0,-5.178568005712556,-11.477973022630096,0.6478996917957811,0.6360862449455921
2025-09-09 04:43:05.573,0.0148,4166.012,14.2,QTI,4,1,252,1,0,0.0152,0.0152,0.0149,0.0152,0.015,0.0153,0.0155,3001.9177,3804.1452,3422.1438,3405.1509,3530.0416,2542.9664,2300.1318,14.2,14.2,14.2,14.2,14.2,14.0,14.3,-0.0003999999999999,-0.0263157894736841,1164.0942999999995,0.3877835491625903,0.0,0.0,0.01498,0.0002049390153428,0.0148,0.0152,0.0149,-0.8783100655522608,3552.3481,445.5537889788192,3001.9177,4166.012,3422.1438,1.377305984551221,14.2,0.0,14.2,14.2,14.2,,0.01496,0.0001955050439901,0.0147,0.0152,0.0149,-0.8183932073285313,3532.91855,377.2327706093793,3001.9177,4166.012,3441.76905,1.678256766975215,14.2,0.0,14.2,14.2,14.2,,0.01504,0.0002872739385644,0.0147,0.0159,0.01495,-0.8354395153258121,3341.7328150000003,559.6939650506927,2097.8695,4166.012,3441.76905,1.4727319507998318,14.11,0.229186203313971,13.2,14.2,14.2,0.3926937952574107,3.5525581779409184e-06,0.0034085355491054,0.2101599999999999,0.0002400377147257,0.0,-5.3373060974941815,-11.45266495057305,0.6478996917957811,0.5954563981963016
2025-09-09 04:55:58.756,0.0147,3338.134,14.2,QTI,4,1,252,1,0,0.0148,0.0152,0.0152,0.0149,0.0154,0.015,0.0151,4166.012,3001.9177,3804.1452,3777.5994,3638.5187,3960.3366,3827.776,14.2,14.2,14.2,14.2,14.2,14.0,14.3,-0.0001,-0.0067567567567567,-827.8779999999997,-0.1987219431917142,0.0,0.0,0.01496,0.0002302172886855,0.0147,0.0152,0.0149,-1.1293678310804809,3546.47054,448.78360776741897,3001.9177,4166.012,3422.1438,-0.4642249324488913,14.2,0.0,14.2,14.2,14.2,,0.01495,0.0002068278941079,0.0147,0.0152,0.0149,-1.2087344459904763,3564.91292,340.50624426364016,3001.9177,4166.012,3441.76905,-0.6660051726523231,14.2,0.0,14.2,14.2,14.2,,0.0150299999999999,0.0002957595039882,0.0147,0.0159,0.01495,-1.1157714141052133,3318.6165950000004,549.1997025508258,2097.8695,4166.012,3413.64735,0.0355379016218483,14.12,0.22849622823099,13.2,14.2,14.2,0.350115188418458,4.403657851961605e-06,0.0042538735712826,0.2087399999999999,0.0002995685613579,0.0,-5.376990620439588,-11.470663489074996,0.6478996917957811,0.5451285830852887
2025-09-09 05:08:43.810,0.0146,3349.7723,14.2,QTI,5,1,252,1,0,0.0147,0.0148,0.0152,0.0148,0.0148,0.0148,0.0157,3338.134,4166.012,3001.9177,3367.5218,3895.3262,3390.1904,2329.8607,14.2,14.2,14.2,14.2,14.2,14.0,14.3,-9.99999999999994e-05,-0.0068027210884353,11.638300000000072,0.0034864687876521,0.0,0.0,0.0149,0.0002828427124918,0.0146,0.0152,0.0148,-1.0606601717151152,3531.9962399999995,454.92099284952286,3001.9177,4166.012,3349.7723,-0.4005617301997641,14.2,0.0,14.2,14.2,14.2,,0.01494,0.000222111083327,0.0146,0.0152,0.0149,-1.5307655741762398,3553.75072,346.0610023365482,3001.9177,4166.012,3413.64735,-0.5894290851114989,14.2,0.0,14.2,14.2,14.2,,0.01502,0.0003071087583617,0.0146,0.0159,0.01495,-1.3675936897417982,3324.280715,548.8921949168927,2097.8695,4166.012,3413.64735,0.0464418791815028,14.13,0.2273416163537047,13.2,14.2,14.2,0.307906669806958,4.358505203473083e-06,0.004239094102008,0.20732,0.0002985277536625,0.0,-5.416675143384994,-11.470410465814748,0.6478996917957811,0.566781861124006
2025-09-09 05:20:23.658,0.0151,3704.9287,14.2,QTI,5,1,252,1,0,0.0146,0.0147,0.0148,0.0149,0.0148,0.015,0.0157,3349.7723,3338.134,4166.012,3422.1438,3018.1903,3063.991,3354.5008,14.2,14.2,14.2,14.2,14.2,14.0,14.3,0.0005,0.0342465753424658,355.15639999999985,0.1060240422908744,0.0,0.0,0.01488,0.0002588435821297,0.0146,0.0152,0.0148,0.8499341501528316,3512.15294,442.0645415149176,3001.9177,4166.012,3349.7723,0.4360805762420434,14.2,0.0,14.2,14.2,14.2,,0.01494,0.000222111083327,0.0146,0.0152,0.0149,0.7203602702005854,3533.73258,328.8393840428902,3001.9177,4166.012,3413.64735,0.5206071058011443,14.2,0.0,14.2,14.2,14.2,,0.015035,0.0003030980386631,0.0146,0.0159,0.01505,0.214452064047268,3404.633675,472.17562788415887,2266.6518,4166.012,3441.76905,0.6359816290087568,14.14,0.2257152374587324,13.2,14.2,14.2,0.2658216639493314,4.075651982182545e-06,0.0038327323276153,0.21442,0.0002699107272968,0.0,-5.218252528657962,-11.462689163715147,0.6478996917957811,0.506381437076247
2025-09-09 05:32:42.905,0.015,3548.993,14.2,QTI,5,1,252,1,0,0.0151,0.0146,0.0147,0.0152,0.0147,0.0153,0.0161,3704.9287,3349.7723,3338.134,3804.1452,3461.3943,3875.6068,4217.9309,14.2,14.2,14.2,14.2,14.2,14.0,14.3,-0.0001,-0.0066225165562914,-155.9357,-0.0420887181985445,0.0,0.0,0.01484,0.0002073644135569,0.0146,0.0151,0.0148,0.7715885153845929,3621.568,340.16288325102084,3338.134,4166.012,3548.993,-0.2133536713540967,14.2,0.0,14.2,14.2,14.2,,0.01492,0.000204396129565,0.0146,0.0152,0.0149,0.3913968438162512,3548.11679,325.72118982183724,3001.9177,4166.012,3485.5684,0.0026900614003011,14.2,0.0,14.2,14.2,14.2,,0.01499,0.0002245463262232,0.0146,0.0154,0.015,0.0445342400750539,3456.5339199999994,423.2960355279332,2266.6518,4166.012,3495.71795,0.218426520070489,14.15,0.2236067977499776,13.2,14.2,14.2,0.2236067977499755,4.226551024473703e-06,0.0040011349698351,0.213,0.0002817700682982,0.0,-5.257937051603369,-11.4660792945077,0.6478996917957811,0.7438234382841302
2025-09-09 07:52:59.687,0.0156,2419.5414,13.5,QTI,7,1,252,0,1,0.015,0.0154,0.0149,0.0153,0.0151,0.0148,0.015,3573.2832,3684.309,4006.2195,3596.5825,3704.9287,3018.1903,2784.6516,14.2,14.2,14.2,14.2,14.2,14.2,14.4,0.0005999999999999,0.04,-1153.7417999999998,-0.3228800336900248,-0.6999999999999993,-0.0492957746478872,0.01514,0.0003435112807602,0.0148,0.0156,0.015,1.3391117723466903,3271.66024,686.1130771779215,2419.5414,4006.2195,3573.2832,-1.2419510257768056,14.06,0.3130495168499664,13.5,14.2,14.2,-1.788854381999851,0.01509,0.000328125992067,0.0147,0.0156,0.01495,1.5542810150064172,3421.9164600000004,568.711705581621,2419.5414,4218.231,3582.0283,-1.7625363609755,14.13,0.2213594362117865,13.5,14.2,14.2,-2.8460498941515366,0.015005,0.000279990601326,0.0146,0.0156,0.0149,2.125071331616372,3472.5515,450.6450851428288,2419.5414,4218.231,3538.64495,-2.336672771358986,14.165,0.1565247584249835,13.5,14.2,14.2,-4.248529157249655,6.447502820162531e-06,0.0055795697482175,0.2105999999999999,0.0004133014628309,-0.6999999999999993,-5.019829913930932,-11.490634214566796,-0.4625469449160619,1.242072846085546
2025-09-09 08:06:07.063,0.0156,3248.58,13.5,QTI,8,1,252,0,1,0.0156,0.015,0.0154,0.0148,0.015,0.0147,0.0148,2419.5414,3573.2832,3684.309,3590.7734,3548.993,3461.3943,3339.7346,13.5,14.2,14.2,14.2,14.2,14.2,14.4,0.0,0.0,829.0385999999999,0.3426428661233074,0.0,0.0,0.0153,0.0003316624790497,0.0149,0.0156,0.0154,0.9045340336944276,3386.38662,604.4959112376597,2419.5414,4006.2195,3573.2832,-0.227969482403696,13.919999999999998,0.3834057902536124,13.5,14.2,14.2,-1.0954451150103386,0.0151799999999999,0.0003326659986683,0.0148,0.0156,0.01515,1.2625275852696256,3396.95681,570.4673649227983,2419.5414,4218.231,3582.0283,-0.2600969295063525,14.06,0.2951459149490485,13.5,14.2,14.2,-1.8973665961010244,0.015045,0.000305174669552,0.0146,0.0156,0.01495,1.8186306249290447,3466.60441,452.88336478283406,2419.5414,4218.231,3538.64495,-0.4814140393620921,14.13,0.2154554539378806,13.5,14.2,14.2,-2.924038303442716,4.802098147498291e-06,0.0041556618584119,0.2105999999999999,0.0003078268043268,0.0,-5.019829913930932,-11.472610443960864,-0.4625469449160619,0.732967186341277
2025-09-09 08:18:05.984,0.0158,3570.1795,13.5,QTI,8,1,252,0,1,0.0156,0.0156,0.015,0.0148,0.0149,0.0151,0.0145,3248.58,2419.5414,3573.2832,2674.9481,3528.2969,3905.1101,3539.1592,13.5,13.5,14.2,14.2,14.2,14.2,14.4,0.0002,0.0128205128205129,321.59950000000026,0.098996946358101,0.0,0.0,0.01548,0.0003033150177774,0.015,0.0158,0.0156,1.055008757379888,3299.17862,517.98216043195,2419.5414,3684.309,3570.1795,0.5231857401691401,13.779999999999998,0.3834057902536116,13.5,14.2,13.5,-0.730296743340224,0.01527,0.0003683295625794,0.0148,0.0158,0.0153499999999999,1.4389287579535557,3458.2647600000005,550.5393890098883,2419.5414,4218.231,3582.0283,0.2032819853294631,13.989999999999998,0.3381321240777531,13.5,14.2,14.2,-1.4491376746189413,0.01509,0.0003462581938828,0.0146,0.0158,0.015,2.050492992059778,3474.0061949999995,453.3279761270095,2419.5414,4218.231,3559.5862500000003,0.212149503372048,14.095,0.2564432839727644,13.5,14.2,14.2,-2.320201140705993,4.425547791084454e-06,0.003781322479724,0.2133,0.000280097961461,0.0,-4.940460868040118,-11.465618687949766,-0.4625469449160619,0.7638497716307776
2025-09-09 08:27:08.189,0.0162,3671.9417,13.5,QTI,8,1,252,0,1,0.0158,0.0156,0.0156,0.0149,0.0147,0.0152,0.0149,3570.1795,3248.58,2419.5414,4006.2195,3498.1765,3405.1509,3476.8266,13.5,13.5,13.5,14.2,14.2,14.2,14.4,0.0003999999999999,0.0253164556962024,101.76219999999968,0.0285033847737907,0.0,0.0,0.01564,0.0004335896677841,0.015,0.0162,0.0156,1.2915436912088942,3296.70516,515.7078602012285,2419.5414,3671.9417,3570.1795,0.727614544896762,13.64,0.3130495168499638,13.5,14.2,13.5,-0.4472135954999693,0.0153399999999999,0.0004695151163143,0.0148,0.0162,0.0153499999999999,1.8316769154331909,3403.63583,490.5901795559328,2419.5414,4006.2195,3582.0283,0.5469042821910173,13.919999999999998,0.3614784456460249,13.5,14.2,14.2,-1.1618950038622222,0.01514,0.0004259972819155,0.0146,0.0162,0.015,2.4882787872108283,3467.396019999999,449.20582775508296,2419.5414,4218.231,3559.5862500000003,0.4553495688651739,14.06,0.2872739385838411,13.5,14.2,14.2,-1.9493588689618024,4.411834752169404e-06,0.0036765289601411,0.2186999999999999,0.0002723354785289,0.0,-4.781722776258494,-11.463406319853569,-0.4625469449160619,0.9604600608736692
2025-09-09 08:44:14.183,0.0151,3056.1131,14.0,QTI,8,1,252,0,1,0.0162,0.0158,0.0156,0.0154,0.0149,0.0149,0.015,3671.9417,3570.1795,3248.58,3684.309,2957.1,3777.5994,3437.8065,13.5,13.5,13.5,14.2,14.2,14.2,14.4,-0.0010999999999999,-0.0679012345679012,-615.8285999999998,-0.1677119764728289,0.5,0.0370370370370369,0.01566,0.0003974921382985,0.0151,0.0162,0.0156,-1.4088328951537086,3193.27114,497.9243248106962,2419.5414,3671.9417,3248.58,-0.2754596093535807,13.6,0.2236067977499691,13.5,14.0,13.5,1.788854381999912,0.01532,0.0004756282395164,0.0148,0.0162,0.01525,-0.4625461268314777,3349.58889,496.7048566602395,2419.5414,4006.2195,3571.73135,-0.5908454207057329,13.9,0.3496029493900497,13.5,14.2,14.1,0.2860387767736773,0.015135,0.0004258428175419,0.0146,0.0162,0.015,-0.082189950277954,3470.10579,446.40484074194,2419.5414,4218.231,3559.5862500000003,-0.92739292278267,14.05,0.2856202852887375,13.5,14.2,14.2,-0.1750575942092314,4.940916617254774e-06,0.0045809822941434,0.2114,0.0003272130210102,0.5,-5.218252528657962,-11.476794783815286,0.3306292241638268,1.0230372261228187
2025-09-09 08:55:48.597,0.0147,3722.8676,14.0,QTI,8,1,252,0,1,0.0151,0.0162,0.0158,0.015,0.0155,0.0148,0.0146,3056.1131,3671.9417,3570.1795,3573.2832,4218.231,3367.5218,3794.6725,14.0,13.5,13.5,14.2,14.2,14.2,14.4,-0.0004,-0.0264900662251655,666.7545,0.2181707542171787,0.0,0.0,0.01548,0.0005890670590088,0.0147,0.0162,0.0156,-1.3241276830390836,3453.93638,288.8760097827096,3056.1131,3722.8676,3570.1795,0.9309572650296856,13.7,0.2738612787525762,13.5,14.0,13.5,1.095445115010362,0.01531,0.0004886489310139,0.0147,0.0162,0.01525,-1.2483399866122085,3362.79831,505.510036319149,2419.5414,4006.2195,3571.73135,0.7122891023526069,13.88,0.3359894178227766,13.5,14.2,14.0,0.3571541055596491,0.01513,0.000430544331099,0.0146,0.0162,0.015,-0.9987357141651556,3447.94857,420.2788915162058,2419.5414,4218.231,3559.5862500000003,0.6541347556338067,14.04,0.2835860585987569,13.5,14.2,14.2,-0.1410506574182355,3.948569108393755e-06,0.003760542007994,0.2057999999999999,0.0002686101434281,0.0,-5.376990620439588,-11.462299161827994,0.3306292241638268,0.900222260393683
2025-09-09 09:08:24.553,0.0145,3518.6619,14.0,QTI,9,1,252,0,1,0.0147,0.0151,0.0162,0.0156,0.0153,0.0149,0.0146,3722.8676,3056.1131,3671.9417,2419.5414,3596.5825,3422.1438,2954.7253,14.0,14.0,13.5,13.5,14.2,14.2,14.4,-0.0001999999999999,-0.0136054421768706,-204.2057,-0.0548517223658451,0.0,0.0,0.01526,0.0007231873892771,0.0145,0.0162,0.0151,-1.0509032807660852,3507.95276,265.1540588517443,3056.1131,3722.8676,3570.1795,0.0403883691103055,13.8,0.2738612787525775,13.5,14.0,14.0,0.7302967433402338,0.0152799999999999,0.0005308274463336,0.0145,0.0162,0.01525,-1.469404050953659,3447.16969,444.7013755843382,2419.5414,4006.2195,3571.73135,0.1607645353155452,13.86,0.3204163957519436,13.5,14.2,14.0,0.4369314487526544,0.01512,0.0004431941477732,0.0145,0.0162,0.015,-1.3989354397277616,3456.974965,419.7345154381494,2419.5414,4218.231,3559.5862500000003,0.1469665532166371,14.03,0.2811629982393593,13.5,14.2,14.2,-0.1066996731001622,4.120884703358399e-06,0.0039787852308287,0.203,0.0002841989450591,0.0,-5.4563596663304,-11.466738709869816,0.3306292241638268,0.9107363402129308
2025-09-09 09:21:18.554,0.0156,3394.5364,14.0,QTI,9,1,252,0,1,0.0145,0.0147,0.0151,0.0156,0.0148,0.0152,0.0146,3518.6619,3722.8676,3056.1131,3248.58,3590.7734,3804.1452,3993.189,14.0,14.0,14.0,13.5,14.2,14.2,14.4,0.0010999999999999,0.0758620689655171,-124.1255000000001,-0.0352763361549457,0.0,0.0,0.01522,0.0006906518660001,0.0145,0.0162,0.0151,0.5502048408277233,3472.82414,266.48062947041905,3056.1131,3722.8676,3518.6619,-0.2937839803049931,13.9,0.2236067977499737,13.5,14.0,14.0,0.4472135954999667,0.0153499999999999,0.0005212165257068,0.0145,0.0162,0.0155,0.4796471095404231,3386.00138,398.9781075451356,2419.5414,3722.8676,3544.4207,0.0213922013228113,13.84,0.3025814858109382,13.5,14.2,14.0,0.5287831790870802,0.01517,0.000437817553914,0.0145,0.0162,0.01505,0.9821442657011952,3459.21317,419.2518510354416,2419.5414,4218.231,3559.5862500000003,-0.1542671066097035,14.02,0.2783409495753812,13.5,14.2,14.2,-0.0718543212219116,4.595620185425025e-06,0.0041242745253814,0.2183999999999999,0.0002945910375272,0.0,-5.019829913930932,-11.469437268825148,0.3306292241638268,0.8992691137165478
2025-09-09 09:32:14.903,0.0152,4027.2659,14.0,QTI,9,1,252,0,1,0.0156,0.0145,0.0147,0.0158,0.0148,0.0152,0.0156,3394.5364,3518.6619,3722.8676,3570.1795,2674.9481,3001.9177,1991.2401,14.0,14.0,14.0,13.5,14.2,14.2,13.8,-0.0003999999999999,-0.0256410256410255,632.7294999999999,0.1863964398790951,0.0,0.0,0.01502,0.0004324349662199,0.0145,0.0156,0.0151,0.4162475610458099,3543.88898,362.8203786452863,3056.1131,4027.2659,3518.6619,1.3322761025851215,14.0,0.0,14.0,14.0,14.0,,0.01533,0.0005229191567037,0.0145,0.0162,0.0154,-0.2486043938789162,3420.29707,440.09122509262215,2419.5414,4027.2659,3544.4207,1.3791886667866573,13.82,0.2820559440174148,13.5,14.2,14.0,0.6381712699835457,0.015175,0.000437546989945,0.0145,0.0162,0.01505,0.0571367203397688,3475.33003,435.0912122274244,2419.5414,4218.231,3559.5862500000003,1.268552097787487,14.01,0.27510763443844,13.5,14.2,14.2,-0.0363494092790705,3.7742727640606e-06,0.0034763038616347,0.2128,0.0002483074186881,0.0,-5.178568005712556,-11.455681369686548,0.3306292241638268,0.7188299001528798
2025-09-09 09:45:30.851,0.015,3334.1936,14.0,QTI,9,1,252,0,1,0.0152,0.0156,0.0145,0.0162,0.0149,0.0148,0.0153,4027.2659,3394.5364,3518.6619,3671.9417,4006.2195,4166.012,2542.9664,14.0,14.0,14.0,13.5,14.2,14.2,14.0,-0.0002,-0.0131578947368421,-693.0722999999998,-0.1720949937772918,0.0,0.0,0.015,0.0004301162633633,0.0145,0.0156,0.015,-1.2099450477029506e-14,3599.5050800000004,281.5739685357945,3334.1936,4027.2659,3518.6619,-0.9422443465908432,14.0,0.0,14.0,14.0,14.0,,0.01533,0.0005229191567037,0.0145,0.0162,0.0154,-0.6310726921541734,3396.38811,437.3423837385086,2419.5414,4027.2659,3456.59915,-0.142210113431829,13.8,0.2581988897471603,13.5,14.0,14.0,0.7745966692414831,0.015175,0.000437546989945,0.0145,0.0162,0.01505,-0.3999570423783697,3464.59006,435.8276588286879,2419.5414,4218.231,3549.2382,-0.2991927138136391,14.0,0.2714483570153158,13.5,14.2,14.1,0.0,4.498838939646456e-06,0.00419891634367,0.21,0.0002999225959764,0.0,-5.257937051603369,-11.470749155611744,0.3306292241638268,0.7791627660515157
2025-09-09 09:58:46.367,0.0151,3278.6027,14.0,QTI,9,1,252,0,1,0.015,0.0152,0.0156,0.0151,0.0154,0.0147,0.015,3334.1936,4027.2659,3394.5364,3056.1131,3684.309,3338.134,3960.3366,14.0,14.0,14.0,14.0,14.2,14.2,14.0,0.0001,0.0066666666666668,-55.59090000000015,-0.0166729670406662,0.0,0.0,0.01508,0.0003962322551353,0.0145,0.0156,0.0151,0.0504754465109483,3510.6521,302.25046108473015,3278.6027,4027.2659,3394.5364,-0.7677387791807196,14.0,0.0,14.0,14.0,14.0,,0.0152799999999999,0.0005181162460758,0.0145,0.0162,0.01515,-0.3474123835399794,3482.29424,280.3292749938255,3056.1131,4027.2659,3456.59915,-0.7266152991138252,13.85,0.241522945769823,13.5,14.0,14.0,0.6210590034081228,0.015185,0.0004331949846498,0.0145,0.0162,0.0151,-0.19621649144599,3452.1053500000003,437.4798998534216,2419.5414,4218.231,3544.4207,-0.3965957065870517,13.99,0.2673456268775026,13.5,14.2,14.0,0.0374047637015651,4.605620559026564e-06,0.0042701117765809,0.2114,0.0003050079840414,0.0,-5.218252528657962,-11.471957733390122,0.3306292241638268,0.5960486634055082
